filepath,label,source_split,label_idx,y_pred,pred_label,correct,prob_glioma,prob_meningioma,prob_notumor,prob_pituitary
D:\Project\Brain_tumor\data\raw\Testing\glioma\Te-gl_399.jpg,glioma,testing,0,1,meningioma,False,0.24738237,0.26423162,0.23586191,0.25252405
D:\Project\Brain_tumor\data\raw\Training\pituitary\Tr-pi_1052.jpg,pituitary,training,3,1,meningioma,False,0.24739033,0.26423874,0.235849,0.25252187
D:\Project\Brain_tumor\data\raw\Testing\pituitary\Te-pi_85.jpg,pituitary,testing,3,1,meningioma,False,0.24727532,0.2643368,0.23596998,0.2524179
D:\Project\Brain_tumor\data\raw\Training\pituitary\Tr-pi_1049.jpg,pituitary,training,3,1,meningioma,False,0.24703573,0.2644805,0.23615326,0.25233054
D:\Project\Brain_tumor\data\raw\Training\notumor\Tr-no_344.jpg,notumor,training,2,1,meningioma,False,0.24721925,0.26440656,0.23605338,0.2523208
D:\Project\Brain_tumor\data\raw\Training\notumor\Tr-no_1275.jpg,notumor,training,2,1,meningioma,False,0.24699561,0.26419333,0.23610201,0.25270906
D:\Project\Brain_tumor\data\raw\Testing\pituitary\Te-pi_384.jpg,pituitary,testing,3,1,meningioma,False,0.24725072,0.2643319,0.2359818,0.2524356
D:\Project\Brain_tumor\data\raw\Training\notumor\Tr-no_253.jpg,notumor,training,2,1,meningioma,False,0.24745964,0.26420563,0.23580275,0.25253192
D:\Project\Brain_tumor\data\raw\Training\pituitary\Tr-pi_152.jpg,pituitary,training,3,1,meningioma,False,0.24745964,0.26420003,0.23579392,0.25254646
D:\Project\Brain_tumor\data\raw\Training\pituitary\Tr-pi_1251.jpg,pituitary,training,3,1,meningioma,False,0.24735948,0.2643142,0.23587851,0.25244778
D:\Project\Brain_tumor\data\raw\Training\meningioma\Tr-me_24.jpg,meningioma,training,1,1,meningioma,True,0.24741304,0.26422602,0.23583518,0.25252578
D:\Project\Brain_tumor\data\raw\Training\pituitary\Tr-pi_176.jpg,pituitary,training,3,1,meningioma,False,0.24737339,0.26431698,0.23587011,0.25243956
D:\Project\Brain_tumor\data\raw\Testing\pituitary\Te-pi_115.jpg,pituitary,testing,3,1,meningioma,False,0.24741146,0.2642493,0.23583005,0.25250915
D:\Project\Brain_tumor\data\raw\Training\notumor\Tr-no_1395.jpg,notumor,training,2,1,meningioma,False,0.24728037,0.2642921,0.23595136,0.25247613
D:\Project\Brain_tumor\data\raw\Training\pituitary\Tr-pi_1397.jpg,pituitary,training,3,1,meningioma,False,0.24738976,0.2642945,0.23585074,0.252465
D:\Project\Brain_tumor\data\raw\Training\meningioma\Tr-me_338.jpg,meningioma,training,1,1,meningioma,True,0.24737093,0.2642589,0.23588844,0.25248182
D:\Project\Brain_tumor\data\raw\Training\pituitary\Tr-pi_893.jpg,pituitary,training,3,1,meningioma,False,0.24739139,0.2642775,0.23585203,0.25247908
D:\Project\Brain_tumor\data\raw\Training\notumor\Tr-no_1190.jpg,notumor,training,2,1,meningioma,False,0.24729605,0.26430497,0.23595247,0.25244647
D:\Project\Brain_tumor\data\raw\Training\meningioma\Tr-me_988.jpg,meningioma,training,1,1,meningioma,True,0.24735601,0.2642832,0.23588872,0.25247204
D:\Project\Brain_tumor\data\raw\Training\meningioma\Tr-me_807.jpg,meningioma,training,1,1,meningioma,True,0.24740113,0.26423067,0.23585144,0.2525168
D:\Project\Brain_tumor\data\raw\Training\glioma\Tr-gl_665.jpg,glioma,training,0,1,meningioma,False,0.24743567,0.26420337,0.23581298,0.25254804
D:\Project\Brain_tumor\data\raw\Training\meningioma\Tr-me_1043.jpg,meningioma,training,1,1,meningioma,True,0.24738726,0.26422185,0.23586118,0.2525297
D:\Project\Brain_tumor\data\raw\Testing\meningioma\Te-me_85.jpg,meningioma,testing,1,1,meningioma,True,0.2474703,0.26416838,0.23579589,0.25256544
D:\Project\Brain_tumor\data\raw\Training\notumor\Tr-no_367.jpg,notumor,training,2,1,meningioma,False,0.24724898,0.26414457,0.23591284,0.25269356
D:\Project\Brain_tumor\data\raw\Training\glioma\Tr-gl_905.jpg,glioma,training,0,1,meningioma,False,0.24749257,0.26417208,0.2357771,0.2525582
D:\Project\Brain_tumor\data\raw\Training\notumor\Tr-no_1365.jpg,notumor,training,2,1,meningioma,False,0.24741998,0.26408187,0.23573205,0.2527661
D:\Project\Brain_tumor\data\raw\Training\glioma\Tr-gl_602.jpg,glioma,training,0,1,meningioma,False,0.24746531,0.26417348,0.23579511,0.2525662
D:\Project\Brain_tumor\data\raw\Training\pituitary\Tr-pi_1373.jpg,pituitary,training,3,1,meningioma,False,0.24741746,0.26427698,0.23583002,0.25247547
D:\Project\Brain_tumor\data\raw\Training\glioma\Tr-gl_1184.jpg,glioma,training,0,1,meningioma,False,0.24743804,0.2642123,0.23580797,0.25254166
D:\Project\Brain_tumor\data\raw\Training\glioma\Tr-gl_395.jpg,glioma,training,0,1,meningioma,False,0.24737287,0.26428264,0.23587102,0.25247338
D:\Project\Brain_tumor\data\raw\Training\notumor\Tr-no_1244.jpg,notumor,training,2,1,meningioma,False,0.247402,0.26424485,0.23582353,0.2525296
D:\Project\Brain_tumor\data\raw\Testing\glioma\Te-gl_144.jpg,glioma,testing,0,1,meningioma,False,0.24723536,0.26424173,0.23592903,0.25259387
